World Name,Type,Genealogy,Tension,Iteration,Inhabitants,Phenomenology (Schutz),Structure (Bourdieu),System (Luhmann)
The Algorithmic Gig Economy,Novel,Born from 2008 recession precarity + smartphone ubiquity (Uber launched 2009).,**Decay**: Rising labor costs/regulation vs. **Mutation**: Transition to autonomous fleets.,*Somatic Intervention*: The phantom vibration of a notification that never arrived; the driver's spine curving to match the GPS route.,"The Algorithm, Driver, Passenger, Support Bot.",Time as micro-transactions; city as navigation graph; radical solitude; gamified survival.,"**Capital**: Ratings (4.9 stars), Acceptance Rate. **Doxa**: ""Be your own boss."" **Habitus**: Constant scanning, anxiety, speed.",**Function**: Logistics/Mobility. **Binary Code**: Active/Inactive.
The Twitch / Livestreaming Ecosystem,Novel,"Justin.tv (2007) lifecasting -> Gaming subculture -> General ""IRL"" streaming.",**Growth**: Mainstream adoption vs. **Decay**: Creator burnout and platform saturation.,*Noise*: The cacophony of TTS donations overlapping until language dissolves into pure monetary signal.,"Streamer, Mods, Whales, Chat, Lurkers.","Parasocial intimacy; real-time emotional feedback loops; ""Kayfabe"" (persona vs self).","**Capital**: Clout (View count), Subs (Money), Mod Sword. **Doxa**: ""Chat is moving so fast."" **Habitus**: Spamming emotes, respecting ""Kayfabe"".",**Function**: Entertainment/Parasociality. **Binary Code**: Live/Offline.
"The Crypto / DeFi ""Degen"" Sphere",Novel,Bitcoin whitepaper (2008) -> Ethereum smart contracts -> 2020 DeFi Summer.,**Cyclical**: Boom/Bust cycles. **Tension**: Regulatory capture vs. Decentralized purism.,*Defamiliarization*: Money as a hallucination of math; the wallet address as a truer name than the one on the birth certificate.,"Whales, Devs, Bagholders, Apes, Scammers.",Hyper-accelerated time; volatility as emotion; paranoia; hope.,"**Capital**: Portfolio size (ETH), Alpha, OG status. **Doxa**: ""WAGMI."" **Habitus**: Checking charts, shitposting.",**Function**: Speculation. **Binary Code**: Pump/Dump.
The Influencer / Content Creator Economy,Novel,Web 2.0 (YouTube/Instagram) democratization of fame.,"**Mutation**: Shift from ""polished"" (Instagram) to ""authentic"" (TikTok) -> AI-generated influencers.",*Metaphor*: The face as a rented billboard; the soul as a content mill grinding experience into pixels.,"Creator, Manager, Brand, Follower, Hater.","Life as performance; ""Main Character Energy""; quantitative self-worth.","**Capital**: Engagement metrics, Brand deals. **Doxa**: ""Content is King."" **Habitus**: Always recording, aesthetic curation.",**Function**: Attention Capture. **Binary Code**: Viral/Irrelevant.
The Digital Nomad / Expat Bubble,Novel,"""The 4-Hour Workweek"" (2007) + Remote work tech + Cheap air travel.",**Growth**: Post-COVID normalization vs. **Tension**: Local backlash (gentrification) and visa crackdowns.,*Dialectics*: The freedom of movement synthesizing with the prison of placelessness; everywhere is a cafe with Wi-Fi.,"Nomad, Local Service Worker, Landlord.","Placelessness; ""Airbnb aesthetic""; temporal dislocation; freedom vs loneliness.","**Capital**: Passport strength, USD/EUR income. **Doxa**: ""Geo-arbitrage is smart."" **Habitus**: Working from cafes, travel planning.",**Function**: Lifestyle Optimization. **Binary Code**: Local/Foreign.
The Biohacker / Quantified Self,Novel,Silicon Valley optimization culture + Wearable tech (Fitbit/Oura).,**Growth**: Mainstream longevity interest vs. **Tension**: Epistemic fracture (science vs. pseudoscience).,"*Technology*: The Oura ring as a shackle; the body becoming a dashboard where ""feeling"" is replaced by ""readout"".","The Optimizer, The Guru, The Subject (Self).",Body as machine/software; data-driven self-perception; fear of entropy.,"**Capital**: Biometric data, Longevity protocols. **Doxa**: ""Death is a disease."" **Habitus**: Constant monitoring, supplement regimes.",**Function**: Biological Optimization. **Binary Code**: Optimal/Suboptimal.
The TradWife / Cottagecore Sphere,Novel,"Reaction to ""Girlboss"" feminism + Digital burnout + Pandemic nesting.",**Growth**: Rising anti-modern sentiment vs. **Tension**: Economic unviability for most.,*Defamiliarization*: Sourdough starter as a Tamagotchi; the apron as a costume for a play about the 1950s that never happened.,"Influencer, Provider Husband, Follower.",Nostalgia for imagined past; softness/slowness as rebellion; aestheticization of labor.,"**Capital**: Aesthetic beauty, Domestic skill. **Doxa**: ""Modernity has failed."" **Habitus**: Baking, gardening, soft-spokenness.",**Function**: Cultural Resistance. **Binary Code**: Traditional/Modern.
"The Vtuber Fan / ""Shrimp""",Novel,"Anime culture + Idol culture + Motion capture tech (Kizuna AI, 2016).",**Growth**: Global expansion (Hololive) vs. **Mutation**: AI Vtubers replacing humans.,*Metaphor*: The avatar as a digital stained-glass window through which the light of a human soul is refracted and commodified.,"The Talent (2D Avatar), Clipper, Translator, Simp.",Parasocial intimacy with virtual beings; suspension of disbelief.,"**Capital**: Superchat history, Fan art. **Doxa**: ""Protect the smile."" **Habitus**: Spamming emotes, respecting ""Kayfabe"".",**Function**: Virtual Idol Culture. **Binary Code**: Seiso/Yabai.
The Rationalist / Effective Altruist,Novel,LessWrong (2009) + Silicon Valley philanthropy.,**Crisis**: Reputation collapse (FTX) vs. **Mutation**: Pivot to AI Safety/Acc/Decel tribes.,*Noise*: The hum of the server farm drowning out the cry of the individual; utility calculus dividing by zero.,"Blogger, Donor, Researcher.",Bayesian reasoning; decoupling emotion from logic; utilitarian calculus.,"**Capital**: IQ, Calibration, Impact. **Doxa**: ""Shut up and multiply."" **Habitus**: Steelmanning, updating priors.",**Function**: Epistemic Optimization. **Binary Code**: Rational/Bias.
The Incel / Blackpill Community,Novel,PUA forums (2000s) -> 4chan/Reddit isolation -> Radicalization.,"**Stagnation**: Echo chamber toxicity vs. **Mutation**: Merging with broader ""Manosphere"" politics.",*Somatic Intervention*: The dysmorphia of the jawline; the mirror as an enemy combatant; the body as a prison of bone.,"The Saint, Chad, Stacy, Normie.",Genetic determinism; hopelessness; misogyny as bonding.,"**Capital**: Suffering (victimhood), Blackpill knowledge. **Doxa**: ""It's over."" **Habitus**: ""Rotting"", rating faces.",**Function**: Management of Rejection. **Binary Code**: Blackpilled/Bluepilled.
The Reality Shifter,Novel,TikTok/Amino communities (2020) + Fanfiction + Chaos Magick concepts.,**Growth**: Gen Z spiritual seeking vs. **Tension**: Mental health pathologization.,"*Dialectics*: The ""Current Reality"" (CR) thesis vs. ""Desired Reality"" (DR) antithesis -> The synthesis of living in a lucid dream.","Shifter, Script Writer, Clone.","Belief in multiverse travel; dissociation from ""Current Reality"".","**Capital**: Successful shifts, Script detail. **Doxa**: ""You are in your DR."" **Habitus**: Meditation, scripting.",**Function**: Radical Escapism. **Binary Code**: Shifting/Dreaming.
The Mechanical Keyboard Enthusiast,Novel,Korean custom scene -> Geekhack -> COVID hobby boom.,"**Maturation**: Shift from scarcity (Group Buys) to ""In-Stock"" commodification.","*Somatic Intervention*: The finger-tip sensation of a ""thock""; the auditory ASMR replacing the meaning of the words typed.","Vendor, Designer, Builder.",Tactile/Auditory obsession; typing as meditation; patience.,"**Capital**: Rarity, Typing speed, Sound. **Doxa**: ""Endgame is a lie."" **Habitus**: Lubeing switches, soldering.",**Function**: Aestheticization of Work. **Binary Code**: Thock/Clack.
The Speedrunner,Novel,Quake demos -> SDA -> Twitch/GDQ charity events.,"**Growth**: Professionalization vs. **Tension**: ""Solved"" games requiring inhuman perfection (TAS levels).",*Technology*: The human nervous system overclocked to match the frame rate; the glitch as a portal to the divine.,"Runner, Glitch Hunter, Verifier.",Frame-perfect perception; game world as code; repetition as mastery.,"**Capital**: World Record, Consistency. **Doxa**: ""Frames save lives."" **Habitus**: Resetting runs, frame counting.",**Function**: Play Optimization. **Binary Code**: PB/Reset.
The OSINT Investigator,Novel,Bellingcat (2014) + Citizen journalism + Ukraine War.,**Growth**: Crowdsourced intelligence vs. **Tension**: Disinformation/Witch-hunts (Boston Bomber).,*Defamiliarization*: A vacation photo becomes a targeting coordinate; the background becomes the foreground.,"Investigator, Target, Crowd.",Digital detective work; world as data points; justice seeking.,"**Capital**: Accuracy, Speed. **Doxa**: ""Everything is visible."" **Habitus**: Reverse searching, analyzing.",**Function**: Distributed Surveillance. **Binary Code**: Identified/Unknown.
The Sneakerhead,Novel,1980s Basketball culture (Jordan) -> 2000s Forums -> 2010s Resale Apps.,"**Decay**: Market oversaturation (""Bricks"") and fatigue with artificial scarcity.",*Metaphor*: Shoes that never touch the ground; the shoebox as a sarcophagus for value.,"Reseller, Collector, Bot.",Artificial scarcity; drop culture anxiety; visual signaling.,"**Capital**: Rare colorways, Portfolio. **Doxa**: ""Wear your kicks."" **Habitus**: Camping out, unboxing.",**Function**: Commodification of Cool. **Binary Code**: Legit/Fake.
The Furry,Novel,1970s Underground Comix -> 1990s Internet MUCKs -> Mainstream visibility.,"**Growth**: Destigmatization/Queer safe space vs. **Tension**: Internal policing of ""zoophiles"".",*Somatic Intervention*: The heat of the fursuit transforming the human body into a cartoon; the sweat as baptism.,"Suiter, Artist, Popufur.",Anthropomorphic identity; tactile comfort; dissociation.,"**Capital**: Fursuit quality, Art skill. **Doxa**: ""Furries run the internet."" **Habitus**: Roleplaying, hugging.",**Function**: Identity Play. **Binary Code**: Furry/Normie.
The Neo-Luddite,Novel,"Industrial Revolution Luddites -> 2020s ""Dopamine Detox"" / Flip phone trend.",**Growth**: Reaction to AI/Algorithm fatigue vs. **Tension**: Practical impossibility of disconnection.,*Noise*: The silence of a disconnected phone becoming a deafening roar of existential dread.,"User, Ascetic, Tech Company.",Dumbphone usage; rejection of algorithms; valuing silence.,"**Capital**: Attention span, Analog skills. **Doxa**: ""Disconnect to connect."" **Habitus**: Reading, walking.",**Function**: Attention Reclamation. **Binary Code**: Connected/Disconnected.
The E-Sports Pro,Novel,Korean PC Bangs (StarCraft) -> Twitch -> Stadium events.,"**Crisis**: ""E-sports Winter"" (VC funding drying up) vs. **Mutation**: Saudi investment.",*Technology*: The mouse hand fused with the cursor; the APM (actions per minute) as a heartbeat.,"Pro Player, Coach, Fan.",Embodied virtuality; flow state; high-speed processing.,"**Capital**: Rank/ELO, Wins. **Doxa**: ""Git Gud."" **Habitus**: Grinding, reviewing VODs.",**Function**: Digital Athletics. **Binary Code**: Win/Loss.
The Conspiracy Theorist,Novel,JFK Assassination -> 9/11 Truth -> QAnon (Social Media acceleration).,"**Mutation**: From fringe to mainstream political force (""Post-Truth"").",*Defamiliarization*: A red string on a corkboard connecting a pizza shop to a galactic empire; coincidence murdered by intent.,"The Awake, Sheeple, Cabal.","Apophenia; ""Main Character""; distrust of narratives.","**Capital**: Secret knowledge. **Doxa**: ""Do your own research."" **Habitus**: Connecting dots, posting.",**Function**: Alternative Sense-making. **Binary Code**: Awake/Asleep.
The Urban Explorer,Novel,"1990s ""Jeff Chapman"" (Ninjalicious) -> YouTube/Instagram aestheticization.",**Decay**: Spot-burning via social media vs. **Tension**: Increased surveillance/security.,*Metaphor*: The city as a palimpsest; reading the ghost stories written in rust and peeling paint.,"Explorer, Guard, Ghost.",Decay aesthetics; trespassing adrenaline; temporal vertigo.,"**Capital**: Locations, Photos. **Doxa**: ""Take nothing but photos."" **Habitus**: Climbing, sneaking.",**Function**: Spatial Transgression. **Binary Code**: Accessible/Secure.
The Academic Tenure Track,Long-lasting,"Medieval Universities (Bologna, 1088) -> Humboldtian Model.",**Decay**: Adjunctification and funding cuts vs. **Tension**: Prestige economy persistence.,*Dialectics*: The pursuit of truth vs. the pursuit of funding; the ivory tower crumbling into the gig economy.,"PI, Postdoc, Grad Student.",Deferred gratification; impostor syndrome; intellectual isolation.,"**Capital**: Citations, Grants. **Doxa**: ""Publish or Perish."" **Habitus**: Writing, critiquing.",**Function**: Knowledge Production. **Binary Code**: Published/Rejected.
The Monastic Order,Long-lasting,Desert Fathers (3rd C.) -> Rule of St. Benedict (6th C.).,**Decay**: Dwindling vocations in West vs. **Growth**: New Monasticism/Lay orders.,"*Noise*: The bell tolling cutting through the mental chatter; silence as a loud, demanding presence.","Abbot, Monk, Novice.",Cyclical time; suppression of ego; silence.,"**Capital**: Piety, Humility. **Doxa**: ""Obedience is freedom."" **Habitus**: Prayer, labor.",**Function**: Transcendence Management. **Binary Code**: Sacred/Profane.
The Corporate Bureaucracy,Long-lasting,East India Company -> Fordism -> Modern MNC.,**Mutation**: Remote work/Flat structures vs. **Tension**: Return to Office/Managerialism.,"*Defamiliarization*: The meeting as a ritual to summon the spirit of ""Synergy""; language stripped of meaning (KPI, ROI).","CEO, Manager, Worker.",Quarterly time; emotional suppression; abstraction.,"**Capital**: Title, Budget. **Doxa**: ""Shareholder value."" **Habitus**: Meetings, email.",**Function**: Profit Maximization. **Binary Code**: Profitable/Unprofitable.
The Oil Rig,Long-lasting,19th Century Wildcatters -> Offshore Deepwater (mid-20th).,**Decay**: Energy transition/Climate stigma vs. **Tension**: Persistent demand.,*Metaphor*: A steel island sucking the blood of the earth; the dinosaur ghosts fueling the machine.,"Toolpusher, Roughneck.",Hyper-masculine endurance; danger; binary life.,"**Capital**: Strength, Safety. **Doxa**: ""Safety first."" **Habitus**: Labor, vigilance.",**Function**: Resource Extraction. **Binary Code**: Safe/Unsafe.
The Amish Community,Long-lasting,Anabaptist Reformation (1693) -> Migration to US.,**Growth**: High birth rates vs. **Tension**: Land scarcity and modernity's encroachment.,*Technology*: The horse-drawn buggy as a time machine; the refusal of the grid as a somatic grounding.,"Bishop, Elder, Family.",Gelassenheit; slow time; connection to soil.,"**Capital**: Standing, Adherence. **Doxa**: ""Pride is sin."" **Habitus**: Work, plain dress.",**Function**: Faith Preservation. **Binary Code**: Plain/Worldly.
The Military Unit,Long-lasting,Ancient Standing Armies -> Napoleonic Levee en Masse -> Professional Volunteer Force.,**Mutation**: Drone warfare/Cyber vs. **Tension**: Recruitment crises in West.,*Somatic Intervention*: The body dissolved into the unit; the march as a single organism breathing in unison.,"Officer, Enlisted.",Regimented time; sublimation of self; hyper-vigilance.,"**Capital**: Rank, Medals. **Doxa**: ""Service before self."" **Habitus**: Saluting, marching.",**Function**: Violence Management. **Binary Code**: Friend/Enemy.
The Prison,Long-lasting,Panopticon (Bentham) -> Penitentiary movement (19th C.).,**Crisis**: Mass incarceration sustainability vs. **Mutation**: Reform/Abolition movements.,*Dialectics*: The total control of the state vs. the total resistance of the inmate's mind; time as a weapon.,"Warden, Guard, Inmate.",Time as burden; sensory deprivation; threat.,"**Capital**: Respect, Contraband. **Doxa**: ""Don't snitch."" **Habitus**: Posturing, watching.",**Function**: Punishment. **Binary Code**: Free/Incarcerated.
The Circus,Long-lasting,Roman Circus -> Philip Astley (1768) -> Barnum & Bailey.,**Decay**: Animal rights bans vs. **Mutation**: Cirque du Soleil style art-circus.,*Defamiliarization*: The clown as a tragic figure; the acrobat defying gravity to mock our heaviness.,"Ringmaster, Performer.",Life as spectacle; nomadic existence; magic/reality blur.,"**Capital**: Skill, Lineage. **Doxa**: ""The show must go on."" **Habitus**: Training, traveling.",**Function**: Entertainment. **Binary Code**: Show/Reality.
The Emergency Room,Long-lasting,Napoleonic Ambulances -> Modern Triage (mid-20th).,**Crisis**: Overcrowding/Staff burnout vs. **Tension**: Technological acceleration.,*Noise*: The beep of the monitor as the metronome of life and death; the chaos organized by color codes.,"Doctor, Nurse, Patient.",Triage mindset; compartmentalization; adrenaline.,"**Capital**: Knowledge, Speed. **Doxa**: ""Life over limb."" **Habitus**: Rapid assessment.",**Function**: Acute Care. **Binary Code**: Stable/Critical.
The Air Traffic Control,Long-lasting,Early Radio (1920s) -> Radar -> Modern Automation.,**Tension**: Increasing traffic volume vs. **Mutation**: AI assistance/Remote towers.,*Technology*: The voice in the headset as the hand of god; the blip on the screen as 300 souls.,"Controller, Pilot.",3D visualization; zero margin for error; stress.,"**Capital**: Situational awareness. **Doxa**: ""Separation is sacred."" **Habitus**: Scanning, speaking.",**Function**: Airspace Safety. **Binary Code**: Separated/Conflict.
The Saturation Dive,Long-lasting,SEALab (1960s) -> Offshore Oil Boom.,**Decay**: ROV automation replacing humans vs. **Tension**: Niche necessity.,*Somatic Intervention*: The helium voice making the deadly serious sound comic; the bone-crushing pressure felt as a hug.,"Diver, Supervisor.",Pressure; isolation; umbilical dependence.,"**Capital**: Depth rating, Calmness. **Doxa**: ""Panic is death."" **Habitus**: Slow movement.",**Function**: Deep Sea Work. **Binary Code**: Pressurized/Surface.
The Long-Haul Truck,Long-lasting,Interstate Highway System (1950s) -> CB Radio culture.,**Decay**: Autonomous trucking threat vs. **Tension**: Current driver shortage.,*Metaphor*: The cabin as a capsule in deep space; the white line as the event horizon.,"Driver, Dispatcher.",Road hypnosis; solitude; mile fever.,"**Capital**: Miles logged. **Doxa**: ""Keep moving."" **Habitus**: Driving, radio.",**Function**: Logistics. **Binary Code**: Moving/Stopped.
The Investment Bank,Long-lasting,Medici Bank -> Wall Street (20th C.) -> High Frequency Trading.,**Mutation**: FinTech/Algo-trading vs. **Tension**: Culture clash with Gen Z work-life balance.,*Defamiliarization*: Money as a fiction that kills; the spreadsheet as a battlefield map.,"Banker, Client.",Time as money; transactional; sleep deprivation.,"**Capital**: Deal volume, Bonus. **Doxa**: ""Eat what you kill."" **Habitus**: Working late.",**Function**: Capital Allocation. **Binary Code**: Profit/Loss.
The Mountaineering Expedition,Long-lasting,Victorian Alpinism -> Commercial Everest (1990s).,**Decay**: Overcrowding/Trash vs. **Tension**: Climate change melting routes.,*Somatic Intervention*: The hypoxia hallucination; the body eating itself to reach the sky.,"Sherpa, Climber.",Survival; hypoxia; spiritual connection.,"**Capital**: Summits, Oxygen. **Doxa**: ""The mountain decides."" **Habitus**: Suffering, stepping.",**Function**: Conquest of Nature. **Binary Code**: Summit/Turn-around.
The Diplomatic Corps,Long-lasting,Westphalian System (1648) -> Vienna Convention.,**Decay**: Irrelevance via direct leader comms (Twitter/Zoom) vs. **Tension**: Geopolitical fragmentation.,*Dialectics*: The smile vs. the threat; the cocktail party as a war zone.,"Ambassador, Spy.",Rootlessness; coded language; surveillance.,"**Capital**: Rank, Connections. **Doxa**: ""Protocol is policy."" **Habitus**: Politeness, observing.",**Function**: State Relations. **Binary Code**: Diplomatic/Undiplomatic.
The War Zone (Journalist),Long-lasting,Crimean War (Russell) -> Vietnam (TV) -> Citizen journalism.,**Decay**: Safety risks (targeting) and budget cuts vs. **Mutation**: OSINT integration.,*Noise*: The silence after the explosion; the camera lens as a shield against trauma.,"Journalist, Fixer.",Adrenaline; bearing witness; cynicism.,"**Capital**: The Scoop, Access. **Doxa**: ""If it bleeds, it leads."" **Habitus**: Running, interviewing.",**Function**: News Production. **Binary Code**: Newsworthy/Ignored.
The Ballet Company,Long-lasting,Louis XIV Court -> Russian Imperial Ballet -> Modern.,**Mutation**: Contemporary fusion vs. **Tension**: Physical toll/abuse reckoning.,*Somatic Intervention*: The bloody toes inside the satin shoe; gravity defied through bone-grinding effort.,"Ballerina, Director.",Pain; mirror as judge; perfectionism.,"**Capital**: Technique, Body. **Doxa**: ""Perfection is mandatory."" **Habitus**: Stretching, rehearsing.",**Function**: Aesthetic Performance. **Binary Code**: Graceful/Clumsy.
The Chess Club,Long-lasting,6th Century India -> Coffee House culture -> Online boom.,**Growth**: Streaming/Queens Gambit boom vs. **Tension**: Computer cheating paranoia.,*Metaphor*: The board as a universe where god is dead and math rules; the silence of the checkmate.,"Grandmaster, Patzer.",64 squares; pattern recognition; meritocracy.,"**Capital**: ELO, Title. **Doxa**: ""Truth on board."" **Habitus**: Calculating.",**Function**: Intellectual Competition. **Binary Code**: Win/Loss.
The Trainspotting Community,Long-lasting,1940s Ian Allan ABCs -> Steam preservation.,**Decay**: Homogenization of modern fleets vs. **Tension**: Aging demographic.,*Defamiliarization*: The train schedule as a sacred text; the number on the engine as a talisman.,"Spotter, Guard.",Timetables; sensory love; collecting numbers.,"**Capital**: Sightings, Knowledge. **Doxa**: ""Clear the line."" **Habitus**: Waiting, noting.",**Function**: Archiving. **Binary Code**: Seen/Unseen.
The Audiophile Room,Long-lasting,Hi-Fi boom (1970s) -> Digital revolution -> Vinyl revival.,**Mutation**: Head-Fi (headphones) vs. **Tension**: Diminishing returns/Snake oil.,*Noise*: The pursuit of silence so deep you can hear the electricity; the cable lifting the veil.,"Audiophile, Engineer.",Perfect sound; listening to gear.,"**Capital**: Gear cost, Golden Ears. **Doxa**: ""Analog is superior."" **Habitus**: Tweaking, listening.",**Function**: Acoustic Perfection. **Binary Code**: Hi-Fi/Lo-Fi.
The Ultra-Running Community,Novel,"1970s Jogging Boom -> Western States 100 (1974) -> ""Born to Run"" (2009).","**Growth**: Corporate sponsorship vs. **Tension**: Grassroots ""dirtbag"" ethos.",*Somatic Intervention*: The hallucination at mile 80 where the trees become ancestors; the blister as a badge of honor.,"Runner, Crew.",Pain cave; dissociation; flow via suffering.,"**Capital**: Belt buckles, DNF avoidance. **Doxa**: ""Relentless forward progress."" **Habitus**: Running, eating.",**Function**: Physical Transcendence. **Binary Code**: Finisher/DNF.
The Disney Adult Fandom,Novel,Disneyland (1955) -> 90s Disney Renaissance -> Millennial nostalgia.,"**Tension**: Rising costs pricing out ""magic"" vs. **Growth**: Lifestyle branding (housing, weddings).",*Defamiliarization*: The mouse ears as a religious habit; the castle as a cathedral of plastic joy.,"Passholder, Cast Member.",Commercialized nostalgia; park as pilgrimage.,"**Capital**: Pins, Access. **Doxa**: ""Not just for kids."" **Habitus**: Bounding, queuing.",**Function**: Commercialized Joy. **Binary Code**: Magical/Real.
The Birder Community,Long-lasting,Victorian Naturalism -> Audubon Society -> Digital Apps (eBird).,"**Mutation**: Gamification via apps vs. **Tension**: Habitat loss reducing ""collectible"" species.",*Noise*: The song of an extinct bird played from a speaker; the silence of the forest as a data point.,"Birder, Twitcher.",Patience; auditory ID; gamification.,"**Capital**: Life List. **Doxa**: ""Don't disturb."" **Habitus**: Scanning, pishing.",**Function**: Citizen Science. **Binary Code**: Identified/Unidentified.
The CrossFit Box,Novel,Greg Glassman (2000) -> Reebok partnership -> Global franchise.,**Decay**: Post-peak popularity/Injuries vs. **Mutation**: Hyrox/Functional Fitness evolution.,"*Somatic Intervention*: The ""Fran cough"" as a shared language; the body failing in unison to prove it is alive.","Athlete, Coach.",Cult of intensity; shared suffering.,"**Capital**: Rx time. **Doxa**: ""Elite fitness."" **Habitus**: Dropping weights.",**Function**: Functional Fitness. **Binary Code**: Rx/Scaled.
The LARP Group,Novel,D&D (1974) -> SCA -> Vampire: The Masquerade -> Nordic LARP.,"**Growth**: Mainstream acceptance (Critical Role) vs. **Tension**: Stigma of ""cringe"".",*Metaphor*: The foam sword as Excalibur; the parking lot transformation into a goblin camp.,"Player, GM.",Enactment of fantasy; dual consciousness.,"**Capital**: Costume, XP. **Doxa**: ""WYSIWYG."" **Habitus**: Roleplaying.",**Function**: Storytelling. **Binary Code**: In-Game/Out-of-Game.
The Poker Table,Long-lasting,Mississippi Riverboats -> Vegas -> Moneymaker Effect (2003).,"**Mutation**: GTO (Game Theory Optimal) solvers killing ""feel"" play.",*Dialectics*: The bluff vs. the math; the human face as a liability in a game of statistics.,"Pro, Fish.",Probabilistic thinking; emotional suppression.,"**Capital**: Bankroll, Skill. **Doxa**: ""Skill game."" **Habitus**: Shuffling, folding.",**Function**: Wealth Redistribution. **Binary Code**: Fold/Bet.
The Scientology Org,Novel,Dianetics (1950) -> Cold War paranoia -> Hollywood integration.,**Decay**: Internet leaks/Whistleblowers vs. **Tension**: Real estate hoarding.,*Technology*: The E-meter as a confessional booth; the soul measured in ohms.,"Auditor, Pre-Clear.",Bridge to Freedom; surveillance; us vs them.,"**Capital**: OT Level. **Doxa**: ""Clear the planet."" **Habitus**: Auditing.",**Function**: Spiritual Technology. **Binary Code**: Clear/Aberrated.
The Mormon Mission,Long-lasting,Joseph Smith (1830) -> Salt Lake migration -> Global proselytizing.,**Tension**: Secularization of youth vs. **Mutation**: Digital missionary work.,*Somatic Intervention*: The nametag as a shield; the bicycle as a vehicle of salvation.,"Missionary, Companion.",Suspension of self; rejection therapy.,"**Capital**: Baptisms. **Doxa**: ""Return with honor."" **Habitus**: Knocking, praying.",**Function**: Proselytization. **Binary Code**: Member/Non-member.
The Neo-Pagan Coven,Novel,"Gerald Gardner (1950s) -> 1990s ""The Craft"" pop culture -> TikTok WitchTok.",**Growth**: Aesthetic popularity vs. **Tension**: Commodification of spirituality.,*Metaphor*: The crystal charging on an iPhone; the spell cast via emoji.,"Priestess, Initiate.",Re-enchantment; ritual as tool.,"**Capital**: Knowledge. **Doxa**: ""Harm none."" **Habitus**: Casting circles.",**Function**: Spiritual Reconstruction. **Binary Code**: Magical/Mundane.
The Orthodox Jewish Community,Long-lasting,Rabbinic Judaism -> Shtetl life -> Post-Holocaust reconstruction.,**Tension**: Insularity vs. Internet connectivity.,*Dialectics*: The ancient law vs. the modern smartphone; the eruv wire creating a sacred space in the profane city.,"Rabbi, Scholar.",Halakhic time; separation; study.,"**Capital**: Torah knowledge. **Doxa**: ""Torah is life."" **Habitus**: Davening, observing.",**Function**: Religious Continuity. **Binary Code**: Kosher/Treif.
The Hare Krishna Temple,Novel,Chaitanya Mahaprabhu (16th C.) -> Prabhupada (1966) -> Counterculture adoption.,**Decay**: Aging boomer devotees vs. **Growth**: Indian diaspora support.,*Noise*: The mridanga drum beating the rhythm of the universe; the chant dissolving the ego.,"Devotee, Guru.",Ecstatic devotion; purity.,"**Capital**: Service. **Doxa**: ""Chant and be happy."" **Habitus**: Chanting, dancing.",**Function**: Bhakti Yoga. **Binary Code**: Krishna/Maya.
The Jesuit Order,Long-lasting,Ignatius of Loyola (1540) -> Counter-Reformation -> Modern Education.,**Tension**: Liberal/Conservative internal rifts vs. **Decay**: Secularization.,*Dialectics*: Obedience vs. Conscience; the soldier of Christ as a scholar of the world.,"Priest, Scholastic.",Intellectual rigor; obedience.,"**Capital**: Education. **Doxa**: ""Ad maiorem Dei gloriam."" **Habitus**: Teaching, serving.",**Function**: Service. **Binary Code**: Discerned/Undiscerned.
The 12-Step Group,Long-lasting,"Oxford Group -> AA (1935) -> Proliferation (NA, GA, etc.).",**Growth**: Opioid crisis demand vs. **Tension**: Secular alternatives (SMART Recovery).,*Metaphor*: The chip as a tangible piece of time; the circle of chairs as a fortress against chaos.,"Sponsor, Sponsee.",Surrender; honesty; anonymity.,"**Capital**: Sobriety time. **Doxa**: ""Work the steps."" **Habitus**: Sharing.",**Function**: Recovery. **Binary Code**: Sober/Using.
The Radical Environmentalist Cell,Novel,Earth First! (1980s) -> ELF -> Extinction Rebellion/Just Stop Oil.,**Mutation**: From sabotage to performative art vandalism.,*Somatic Intervention*: The body glued to the tarmac; the hunger strike as a weaponized metabolism.,"Activist, Saboteur.",Grief; direct action.,"**Capital**: Arrest record. **Doxa**: ""By any means."" **Habitus**: Protesting.",**Function**: Defense. **Binary Code**: Sustainable/Destructive.
The Zen Monastery,Long-lasting,Bodhidharma (5th C.) -> Japan -> Western Beat Zen (1950s).,**Mutation**: Mindfulness app commodification vs. **Tension**: Rigorous practice survival.,*Defamiliarization*: The stick hitting the shoulder to wake the mind; the koan breaking logic.,"Roshi, Monk.",Sitting; emptiness; presence.,"**Capital**: Stillness. **Doxa**: ""Just sit."" **Habitus**: Bowing, sitting.",**Function**: Awakening. **Binary Code**: Enlightened/Deluded.
The Freemason Lodge,Long-lasting,Medieval Stonemasons -> 1717 Grand Lodge -> Enlightenment Clubs.,**Decay**: Aging membership and lack of relevance to youth.,*Metaphor*: The apron as a symbol of labor in a speculative world; the handshake as a password to history.,"Master, Mason.",Ritual secrecy; brotherhood.,"**Capital**: Degree. **Doxa**: ""Make good men better."" **Habitus**: Ritual.",**Function**: Bonding. **Binary Code**: Mason/Cowan.
The Yakuza Syndicate,Long-lasting,Edo period gamblers/peddlers -> Post-war black markets.,**Decay**: Anti-gang laws (exclusion ordinances) choking revenue.,*Somatic Intervention*: The missing finger joint as a permanent apology; the tattoo as a second skin of loyalty.,"Oyabun, Kobun.",Chivalry; tattoos; violence.,"**Capital**: Loyalty. **Doxa**: ""Family first."" **Habitus**: Intimidation.",**Function**: Crime. **Binary Code**: Honorable/Dishonorable.
The Graffiti Crew,Novel,NYC Subway Art (1970s) -> Hip Hop culture -> Global Street Art.,"**Mutation**: Legal ""Street Art"" murals vs. **Tension**: Vandalism crackdowns.",*Defamiliarization*: The name written larger than the building; the city re-skinned by the marginalized.,"King, Toy.",City as canvas; fame; risk.,"**Capital**: Spots, Style. **Doxa**: ""Go big."" **Habitus**: Painting.",**Function**: Re-coding. **Binary Code**: Up/Buffed.
The Black Hat Hacker Group,Novel,Phreaking (1970s) -> BBS culture -> State-sponsored APTs.,**Mutation**: Ransomware-as-a-Service (RaaS) corporate structure.,*Technology*: The keyboard as a lockpick; the screen as a window into a bank vault.,"Hacker, Fed.",Code as weapon; anonymity.,"**Capital**: 0-days. **Doxa**: ""Info wants to be free."" **Habitus**: Coding.",**Function**: Disruption. **Binary Code**: Root/User.
The Drug Cartel,Novel,Prohibition smuggling -> Colombian Cocaine (1980s) -> Mexican Fentanyl.,"**Mutation**: Fragmentation into smaller, more violent cells.",*Noise*: The narcocorrido glorifying the violence; the silence of the mass grave.,"Boss, Sicario.",Disposable life; violence.,"**Capital**: Territory. **Doxa**: ""Plata o Plomo."" **Habitus**: Killing.",**Function**: Illicit Market. **Binary Code**: Loyal/Traitor.
The Sex Work Industry,Long-lasting,Ancient Brothels -> Street walking -> OnlyFans/Camming.,**Mutation**: Digital disintermediation (OnlyFans) vs. **Tension**: FOSTA/SESTA censorship.,*Dialectics*: Intimacy vs. Transaction; the body as capital vs. the body as self.,"Worker, Client.",Emotional labor; stigma; dissociation.,"**Capital**: Boundaries. **Doxa**: ""Money for honey."" **Habitus**: Performing.",**Function**: Service. **Binary Code**: Paid/Unpaid.
The Outlaw Biker Gang,Long-lasting,WWII Vets (1940s) -> Hollister Riot -> 1%er culture.,"**Decay**: Aging membership (""Rubbies"" - Rich Urban Bikers) vs. **Tension**: RICO prosecutions.",*Noise*: The roar of the pipes as a territorial claim; the leather vest as armor against society.,"President, Prospect.",Freedom; brotherhood; totem.,"**Capital**: Patch. **Doxa**: ""Ride free."" **Habitus**: Riding.",**Function**: Fraternity. **Binary Code**: 1%/Citizen.
The Football Ultra Firm,Novel,1960s English Hooliganism -> Italian Ultras -> Global spread.,**Decay**: Stadium gentrification/CCTV vs. **Tension**: Political radicalization.,*Somatic Intervention*: The collective chant vibrating the chest; the flare smoke obscuring the pitch.,"Capo, Ultra.",Tribal violence; loyalty.,"**Capital**: Reputation. **Doxa**: ""No one likes us."" **Habitus**: Fighting.",**Function**: Identity. **Binary Code**: Us/Them.
The Pickpocket Ring,Long-lasting,Dickensian London -> Professional European Rings.,**Decay**: Cashless society reducing targets vs. **Mutation**: Phone theft.,*Somatic Intervention*: The bump as a distraction; the hand lighter than air.,"Dip, Stall.",Crowd as resource; invisibility.,"**Capital**: Skill. **Doxa**: ""Don't get caught."" **Habitus**: Lifting.",**Function**: Redistribution. **Binary Code**: Mark/Safe.
The Doomsday Prepper,Novel,Cold War Civil Defense -> Y2K -> 2012 -> Climate Collapse.,**Growth**: Mainstream anxiety/Billionaire bunkers vs. **Tension**: Social stigma.,*Metaphor*: The bunker as a womb; the canned food as a prayer for the future.,"Prepper, Sheeple.",Collapse anticipation; hoarding.,"**Capital**: Supplies. **Doxa**: ""When, not if."" **Habitus**: Stockpiling.",**Function**: Preparation. **Binary Code**: Prepared/Unprepared.
The Samurai Class,Long-lasting,Heian Period Guards -> Sengoku Warlords -> Edo Bureaucrats.,**Decay**: Meiji Restoration abolition (1868) -> Cultural afterlife.,*Defamiliarization*: The sword as a soul; the cherry blossom falling as a metaphor for a life well-ended.,"Samurai, Lord.",Bushido; honor.,"**Capital**: Honor. **Doxa**: ""Death is light."" **Habitus**: Service.",**Function**: Warfare. **Binary Code**: Honorable/Shameful.
The Spartan Agoge,Long-lasting,Lycurgan Reforms -> Peloponnesian Dominance -> Roman Tourist Attraction.,**Decay**: Population decline (Oliganthropia) -> Collapse.,*Somatic Intervention*: The hunger pangs as a lesson; the shield as a limb.,"Spartiate, Helot.",Collective; war.,"**Capital**: Strength. **Doxa**: ""With shield or on it."" **Habitus**: Training.",**Function**: War State. **Binary Code**: Strong/Weak.
The Chimney Sweep Gang,Long-lasting,Urbanization/Coal usage -> Child labor exploitation -> Regulation.,**Decay**: Obsolescence via central heating/electricity.,*Metaphor*: The boy as a brush; the chimney as a throat choking on smoke.,"Master, Boy.",Soot; claustrophobia.,"**Capital**: Size. **Doxa**: ""Up you go."" **Habitus**: Climbing.",**Function**: Maintenance. **Binary Code**: Clean/Dirty.
The Alchemist's Lab,Long-lasting,Hellenistic Egypt -> Islamic Golden Age -> European Renaissance.,**Mutation**: Evolution into modern Chemistry (Boyle/Newton).,*Dialectics*: Lead vs. Gold; the material vs. the spiritual -> The synthesis of the Philosopher's Stone.,"Alchemist, Patron.",Transmutation; secrecy.,"**Capital**: Recipes. **Doxa**: ""As above, so below."" **Habitus**: Experimenting.",**Function**: Proto-Science. **Binary Code**: Transmuted/Base.
The Cowboy Camp,Long-lasting,Spanish Vaqueros -> Post-Civil War Cattle Drives -> Hollywood Myth.,**Decay**: Fencing of the range/Railroads -> End of the open frontier.,*Metaphor*: The horizon as a promise; the horse as an extension of the will.,"Cowboy, Cook.",Open range; solitude.,"**Capital**: Skill. **Doxa**: ""Ride for brand."" **Habitus**: Riding.",**Function**: Logistics. **Binary Code**: Wild/Tame.
The Geisha District,Long-lasting,Edo Period Pleasure Quarters -> Modern preservation.,**Decay**: Declining clientele/expense vs. **Tension**: Tourism commodification.,*Defamiliarization*: The white makeup masking the human face; the pour of sake as a choreographed dance.,"Geisha, Patron.",Art as life; willow world.,"**Capital**: Artistry. **Doxa**: ""Sell art."" **Habitus**: Performing.",**Function**: Entertainment. **Binary Code**: Refined/Vulgar.
The Viking Longship,Long-lasting,Scandinavian boat tech -> 8th Century Raids -> Christianization.,**Decay**: Centralization of kingdoms ending the raiding age.,*Technology*: The shallow draft allowing the ship to become a river monster; the sail as a dragon's wing.,"Jarl, Thrall.",Glory; plunder.,"**Capital**: Plunder. **Doxa**: ""Valhalla awaits."" **Habitus**: Raiding.",**Function**: Raiding. **Binary Code**: Predator/Prey.
The Roman Legion,Long-lasting,Marian Reforms -> Imperial Expansion -> Late Antiquity decline.,**Decay**: Overextension/Barbarian integration -> Systemic collapse.,*Somatic Intervention*: The shield wall as a single iron skin; the gladius as a surgical instrument.,"Centurion, Legionary.",Discipline; pride.,"**Capital**: Citizenship. **Doxa**: ""Roma Invicta."" **Habitus**: Marching.",**Function**: Expansion. **Binary Code**: Roman/Barbarian.
The Bedouin Tribe,Long-lasting,Pre-Islamic Arabia -> Modern State Borders.,**Decay**: Forced sedentarization/Urbanization vs. **Tension**: Cultural pride.,*Metaphor*: The desert as an ocean of sand; the tent as a ship anchored in the wind.,"Sheikh, Tribesman.",Hospitality; desert.,"**Capital**: Camels. **Doxa**: ""Me against brother."" **Habitus**: Migrating.",**Function**: Survival. **Binary Code**: Guest/Enemy.
The Pirate Ship,Long-lasting,Golden Age (1650-1730) -> Privateering bans -> Modern Somali piracy.,**Decay**: Naval power consolidation ending the Golden Age.,*Dialectics*: The tyranny of the captain vs. the democracy of the crew; freedom found in outlawry.,"Captain, Crew.",Democracy; rebellion.,"**Capital**: Loot. **Doxa**: ""No prey, no pay."" **Habitus**: Sailing.",**Function**: Predation. **Binary Code**: Free/Enslaved.
The Tech Billionaire Circle,Novel,Dot-com Boom (1990s) -> PayPal Mafia -> Big Tech Monopoly.,"**Mutation**: Shift from ""Don't be evil"" to ""Move fast and break things"" to Techno-Feudalism.",*Metaphor*: The rocket ship as an escape pod from the burning earth; the algorithm as a new god.,"Founder, VC.",God-complex; longevity.,"**Capital**: Equity. **Doxa**: ""Move fast."" **Habitus**: Disrupting.",**Function**: Acceleration. **Binary Code**: Scalable/Unscalable.
The Old Money Aristocracy,Long-lasting,Feudal Land Ownership -> Gilded Age Industrialists -> Trust Funds.,**Decay**: Dilution of wealth/influence vs. **Tension**: Meritocratic elite competition.,*Defamiliarization*: The crumbling estate as a museum of ghosts; the family name as a brand that no longer sells.,"Heir, Matriarch.",Stewardship; closure.,"**Capital**: Lineage. **Doxa**: ""Names matter."" **Habitus**: Exclusion.",**Function**: Preservation. **Binary Code**: Old/New.
The Homeless Encampment,Long-lasting,Hoovervilles (1930s) -> Deinstitutionalization (1980s) -> Housing Crisis.,**Growth**: Systemic inequality vs. **Tension**: Criminalization/Sweeps.,*Somatic Intervention*: The cold pavement seeping into the bones; the invisibility cloak woven from society's averted gaze.,"Resident, Police.",Invisibility; survival.,"**Capital**: Spots. **Doxa**: ""Survive."" **Habitus**: Scavenging.",**Function**: Survival. **Binary Code**: Housed/Unhoused.
The Refugee Camp,Novel,"Post-WWII DP Camps -> UNHCR Formalization -> Permanent ""Warehousing"".",**Stagnation**: Camps becoming permanent cities (Zaatari) vs. **Tension**: Hostility.,*Dialectics*: The temporary shelter vs. the permanent life; the citizen of nowhere building a home in the void.,"Refugee, Guard.",Limbo; trauma.,"**Capital**: Papers. **Doxa**: ""Wait."" **Habitus**: Queuing.",**Function**: Management. **Binary Code**: Citizen/Stateless.
The Pro Wrestling Circuit,Long-lasting,Carnival Catch Wrestling -> Regional Territories -> WWE Monopoly.,**Mutation**: Breaking Kayfabe (Reality Era) vs. **Tension**: Competition (AEW).,*Somatic Intervention*: The blade hidden in the wrist tape; the blood as a prop; the pain as a paycheck.,"Wrestler, Mark.",Selling the hit; road life.,"**Capital**: Pop. **Doxa**: ""Protect business."" **Habitus**: Performing.",**Function**: Violence. **Binary Code**: Work/Shoot.
The Stage Magician Circle,Long-lasting,Court Conjurers -> Vaudeville -> TV Specials -> YouTube Magic.,**Decay**: Internet exposure of secrets vs. **Mutation**: Street magic/Mentalism.,*Defamiliarization*: The card vanish as a glitch in reality; the secret pocket as a portal to another dimension.,"Magician, Audience.",Deception; secrets.,"**Capital**: Tricks. **Doxa**: ""Never reveal."" **Habitus**: Misdirecting.",**Function**: Deception. **Binary Code**: Illusion/Reality.
The Antarctic Station,Novel,Heroic Age of Exploration -> IGY (1957) -> Permanent Science Bases.,**Tension**: Geopolitical resource claims vs. **Tension**: Climate research urgency.,*Noise*: The wind howling at 100mph erasing all thought; the whiteout as a visual silence.,"Scientist, Staff.",Isolation; sensory deprivation.,"**Capital**: Data. **Doxa**: ""Science first."" **Habitus**: Surviving.",**Function**: Science. **Binary Code**: Data/Noise.
The Lighthouse,Long-lasting,Pharos of Alexandria -> Fresnel Lens -> Automation.,**Decay**: GPS/Automation rendering keepers obsolete.,*Metaphor*: The beam of light as a heartbeat of the coast; the keeper as a monk of the sea.,Keeper.,Solitude; responsibility.,"**Capital**: Vigilance. **Doxa**: ""Keep light burning."" **Habitus**: Watching.",**Function**: Safety. **Binary Code**: Light/Dark.
The Sumo Stable,Long-lasting,Shinto Ritual -> Edo Period Sport -> Modern Professional Sumo.,**Decay**: Lack of Japanese recruits vs. **Mutation**: Foreign domination (Mongolia).,*Somatic Intervention*: The collision of flesh sounding like thunder; the salt purifying the ring of demons.,"Rikishi, Master.",Purity; weight.,"**Capital**: Rank. **Doxa**: ""Spirit, Body."" **Habitus**: Eating.",**Function**: Sport. **Binary Code**: Win/Loss.
The Free Solo Climber,Novel,Rock Climbing -> Clean Climbing -> Free Soloing (Honnold).,**Growth**: Mainstream fascination (Oscar) vs. **Tension**: Deadly consequences.,*Dialectics*: Life vs. Death; the hold as a lifeline vs. the hold as a tombstone.,Climber.,Consequence; flow.,"**Capital**: Survival. **Doxa**: ""Perfection."" **Habitus**: Climbing.",**Function**: Mastery. **Binary Code**: Life/Death.
The Tuareg Caravan,Long-lasting,Trans-Saharan Trade Routes -> Colonial Borders -> Modern Insurgency.,**Decay**: Trucks/Borders killing the caravan trade.,*Technology*: The GPS replacing the stars; the Toyota Hilux replacing the camel.,"Noble, Smith.",Veil; desert.,"**Capital**: Camels. **Doxa**: ""Modesty."" **Habitus**: Tea making.",**Function**: Trade. **Binary Code**: Oasis/Desert.
The Jain Ascetic,Long-lasting,Mahavira (6th C. BCE) -> Shramana movement.,"**Tension**: Modernity vs. Strict Ahimsa (microbes, travel).",*Somatic Intervention*: The mask over the mouth filtering the breath; the broom sweeping away the invisible.,Monk.,Ahimsa.,"**Capital**: Purity. **Doxa**: ""Harm nothing."" **Habitus**: Sweeping.",**Function**: Liberation. **Binary Code**: Violence/Non-violence.
The Aghori Sect,Long-lasting,Kapalika tradition -> Medieval Bhakti -> Modern Varanasi.,**Tension**: Taboo shock value vs. **Tension**: Spiritual authenticity.,*Defamiliarization*: The skull as a bowl; the corpse as a pillow; the taboo as a door to the divine.,Aghori.,Taboo breaking.,"**Capital**: Fearlessness. **Doxa**: ""All is One."" **Habitus**: Meditating.",**Function**: Transgression. **Binary Code**: Pure/Impure.
The Imperial Eunuch,Long-lasting,Ancient Near East -> Chinese Imperial Court -> Abolition (1912).,**Decay**: Extinct social role.,*Somatic Intervention*: The phantom limb of masculinity; the voice that never breaks; power built on loss.,"Eunuch, Emperor.",Power; sacrifice.,"**Capital**: Influence. **Doxa**: ""Serve."" **Habitus**: Plotting.",**Function**: Admin. **Binary Code**: Inside/Outside.
The Gondolier Guild,Long-lasting,Medieval Venice -> Tourist Attraction.,**Decay**: Motorboats vs. **Tension**: Preservation of tradition.,*Noise*: The slap of the oar on the water; the serenade drowning out the motorboat engine.,Gondolier.,Water; skill.,"**Capital**: License. **Doxa**: ""Venice is ours."" **Habitus**: Rowing.",**Function**: Transport. **Binary Code**: Local/Tourist.
The Ama Divers,Long-lasting,Ancient Japan (2000+ years) -> Pearl Culture.,**Decay**: Aging population and lack of successors.,*Somatic Intervention*: The whistle of the breath (isobue); the lungs burning as a prayer to the sea.,Diver.,Breath-hold; sea.,"**Capital**: Catch. **Doxa**: ""Sea provides."" **Habitus**: Diving.",**Function**: Gathering. **Binary Code**: Breath/Air.
The Falconer,Long-lasting,Ancient Mesopotamia -> Medieval Nobility -> Gulf State Status Symbol.,**Mutation**: From hunting tool to heritage sport/status.,*Metaphor*: The bird as an arrow that returns; the hood as a blindfold for the soul.,"Falconer, Bird.",Bond; patience.,"**Capital**: Bird. **Doxa**: ""Trust."" **Habitus**: Training.",**Function**: Hunting. **Binary Code**: Wild/Tame.
The Bullfighting Ring,Long-lasting,Roman Venatio -> Spanish Corrida (18th C.).,**Decay**: Animal rights activism/Bans vs. **Tension**: Cultural heritage defense.,*Dialectics*: Beauty vs. Cruelty; the dance of death vs. the murder of the innocent.,"Matador, Bull.",Death; ritual.,"**Capital**: Bravery. **Doxa**: ""Art is death."" **Habitus**: Caping.",**Function**: Drama. **Binary Code**: Art/Butchery.
The Tea Ceremony,Long-lasting,Zen Buddhism -> Sen no Rikyu (16th C.).,**Tension**: Rigid formalism vs. **Tension**: Modern relevance/casualization.,*Somatic Intervention*: The whisking of the matcha as a meditation; the bitter taste waking the spirit.,"Master, Guest.",Harmony; mindfulness.,"**Capital**: Precision. **Doxa**: ""Ichigo Ichie."" **Habitus**: Whisking.",**Function**: Ritual. **Binary Code**: Perfect/Imperfect.
The Ancient Scribe,Long-lasting,Sumerian Cuneiform -> Egyptian Hieroglyphs -> Medieval Monks.,**Mutation**: Printing Press -> Digital Word Processing.,*Technology*: The stylus becoming the keyboard; the clay tablet becoming the cloud.,Scribe.,Literacy; power.,"**Capital**: Literacy. **Doxa**: ""It is written."" **Habitus**: Copying.",**Function**: Record. **Binary Code**: Written/Oral.
The Coal Mine,Long-lasting,Industrial Revolution -> Labor Unions -> Green Energy Transition.,**Decay**: Climate change regulation/Mine closures.,*Somatic Intervention*: The black lung as a map of the mine inside the body; the darkness as a blanket.,Miner.,Darkness; solidarity.,"**Capital**: Strength. **Doxa**: ""Watch back."" **Habitus**: Digging.",**Function**: Energy. **Binary Code**: Coal/Rock.
The Whaling Ship,Long-lasting,Basque Whaling -> Nantucket Boom (19th C.) -> International Ban.,**Decay**: International condemnation vs. **Tension**: Niche continuation (Japan/Norway).,*Metaphor*: The leviathan as a mountain of oil; the harpoon as a needle piercing the ocean's heart.,"Captain, Crew.",Oil; butchery.,"**Capital**: Oil. **Doxa**: ""Greasy luck."" **Habitus**: Harpooning.",**Function**: Production. **Binary Code**: Fast/Loose.
The Plague Doctor,Long-lasting,Black Death (14th C.) -> 17th Century PPE.,**Mutation**: Historical curiosity/Costume aesthetic.,*Defamiliarization*: The beak mask transforming the doctor into a bird of death; the herbs smelling of survival.,Doctor.,Mask; fear.,"**Capital**: Immunity. **Doxa**: ""Miasma."" **Habitus**: Distancing.",**Function**: Medicine. **Binary Code**: Healthy/Infected.
The Court Jester,Long-lasting,Medieval Courts -> Shakespearean Fools -> Stand-up Comedians.,**Mutation**: Evolution into modern political satirist.,*Dialectics*: The fool vs. the king; the truth spoken as a lie vs. the lie spoken as truth.,"Jester, King.",Truth; humor.,"**Capital**: Wit. **Doxa**: ""Laugh."" **Habitus**: Mocking.",**Function**: Critique. **Binary Code**: Funny/Serious.
The Executioner,Long-lasting,Royal Justice -> State Penitentiary -> Abolition movements.,**Decay**: Abolition of death penalty in many nations.,*Somatic Intervention*: The weight of the axe; the hood hiding the eyes of the man who kills for the state.,Headsman.,Pariah; death.,"**Capital**: Skill. **Doxa**: ""Justice."" **Habitus**: Striking.",**Function**: Violence. **Binary Code**: Alive/Dead.
The Bodybuilding Stage,Novel,Eugen Sandow -> Arnold Era -> Mass Monsters -> Influencers.,**Tension**: Health risks (steroids) vs. **Tension**: Aesthetic perfection.,*Somatic Intervention*: The skin painted bronze to hide the humanity; the muscle fiber twitching under the lights.,Bodybuilder.,Dysmorphia; pump.,"**Capital**: Muscle. **Doxa**: ""No pain."" **Habitus**: Lifting.",**Function**: Aesthetics. **Binary Code**: Big/Small.
The Sommelier,Long-lasting,French Court -> Modern Restaurant Industry.,**Tension**: Democratization of wine knowledge vs. **Tension**: Elite gatekeeping.,*Metaphor*: The wine glass as a lens to view history; the sip as a communion with the soil.,Sommelier.,Taste; memory.,"**Capital**: Palate. **Doxa**: ""Wine is art."" **Habitus**: Tasting.",**Function**: Curation. **Binary Code**: Good/Bad.
The Perfumer,Long-lasting,"Ancient Egypt -> Grasse, France -> Synthetic Chemistry.",**Mutation**: AI-designed scents vs. **Tension**: Artisanal revival.,*Somatic Intervention*: The scent triggering a memory that doesn't exist; the nose as the eye of the soul.,Nose.,Scent; memory.,"**Capital**: Nose. **Doxa**: ""Scent is memory."" **Habitus**: Smelling.",**Function**: Art. **Binary Code**: Fragrant/Odorless.
The Watchmaker,Long-lasting,Swiss Guilds -> Quartz Crisis -> Luxury Status Symbol.,**Decay**: Smartwatches vs. **Tension**: Mechanical nostalgia/Investment asset.,*Noise*: The tick-tock as the heartbeat of a mechanical god; the silence of a stopped watch as death.,Watchmaker.,Mechanics; patience.,"**Capital**: Precision. **Doxa**: ""Time is precious."" **Habitus**: Assembling.",**Function**: Measurement. **Binary Code**: Accurate/Slow.
The Glassblower,Long-lasting,Roman Glass -> Murano -> Studio Glass Movement.,**Decay**: Industrial mass production vs. **Tension**: Fine art survival.,*Somatic Intervention*: The breath becoming solid; the heat of the furnace as the womb of the object.,Gaffer.,Heat; breath.,"**Capital**: Breath. **Doxa**: ""Keep turning."" **Habitus**: Blowing.",**Function**: Art. **Binary Code**: Solid/Liquid.
